subject_id,motion_coherence,prior_std,block_phase,n_trials,mean_believed_sd,mean_believed_alpha,median_believed_sd,median_believed_alpha
1,0.06,10,early,290,10.725585690047646,0.9315912078945278,10.08508361435884,0.9556894989904964
1,0.06,10,late,288,10.137773348268013,0.9545207089577007,10.166392309264634,0.9623899220907401
1,0.06,10,middle,278,10.177276114760897,0.9543947091404812,10.205366767278374,0.9621739843814892
1,0.06,20,early,297,17.579942974148913,0.8741970262887496,17.907357321791213,0.9047251659166727
1,0.06,20,late,262,17.944295801165147,0.9115914489575108,18.04606034531315,0.9288489402384458
1,0.06,20,middle,279,18.08509882970305,0.9131377663941128,18.029580619017494,0.9311654761191636
1,0.06,40,early,270,25.92270614796814,0.7888645393124482,26.07353853797637,0.816653845897269
1,0.06,40,late,267,25.887504981524973,0.801571792207937,26.735659666255806,0.8221302187953826
1,0.06,40,middle,265,27.105040429587863,0.8172635949392657,28.284508346736914,0.8422714825373852
1,0.06,80,early,588,26.533372113173858,0.5351762537987099,27.664736531070695,0.5161131727146605
1,0.06,80,late,565,27.684388692213144,0.541961380267616,29.039433155652553,0.5265116480464772
1,0.06,80,middle,561,27.398580247984174,0.5295104858463073,28.467200601362187,0.5086962022417881
1,0.12,10,early,200,10.270710881394482,0.9317099595305335,10.124233372941386,0.9561389703146019
1,0.12,10,late,189,10.180843319643555,0.9563551414985251,10.174904506120136,0.962562082722867
1,0.12,10,middle,198,10.08337800144157,0.9558298182606128,10.13456447660154,0.9621775790935065
1,0.12,20,early,189,17.527034808438966,0.8838302792711655,17.588495380195017,0.9122044739917479
1,0.12,20,late,207,17.733355942044327,0.9150634095745326,17.94314368771295,0.9298356679259004
1,0.12,20,middle,204,18.100374002444042,0.9078472228566106,18.346784273423566,0.9294526325453609
1,0.12,40,early,195,26.854900622149398,0.7844690373599292,28.063970815073084,0.8092365679884101
1,0.12,40,late,200,26.55499898266981,0.7974436730855667,27.51475480848994,0.8290038591075048
1,0.12,40,middle,202,27.587548440458633,0.8126060395865025,28.38227365061711,0.8362363076858291
1,0.12,80,early,391,26.240278755700455,0.5478420393510579,26.94881726969509,0.5265557706868018
1,0.12,80,late,424,27.89968078541489,0.5338868650985864,29.42766549115489,0.5174977431959566
1,0.12,80,middle,385,27.470271417705185,0.5240666976034104,28.95031003631173,0.5131100293355075
1,0.24,10,early,87,10.328600591976468,0.9289640893089729,10.15434154955567,0.9480570077671607
1,0.24,10,late,100,10.074531913528254,0.9557940392490917,10.162210799155481,0.962103176253316
1,0.24,10,middle,98,10.071944431638912,0.9547105058069755,10.108372016451327,0.9619657765006266
1,0.24,20,early,78,16.506099666068202,0.8731385406502591,16.65367955992209,0.8960982908667179
1,0.24,20,late,95,17.983132272449446,0.9031508734710249,18.443657526963886,0.9294188924799391
1,0.24,20,middle,76,18.192729644695152,0.9129951883830214,18.35718695445587,0.9277127936350626
1,0.24,40,early,81,25.883053894526448,0.8024285635297259,26.47115113796163,0.8300294600648424
1,0.24,40,late,79,25.109497587166388,0.7961736661284934,25.3515546036038,0.8160692952764743
1,0.24,40,middle,82,27.453394967423133,0.8225340358503236,28.790257289770352,0.8392487076951591
1,0.24,80,early,191,26.62486927582345,0.5522350345569502,27.642662495075964,0.5237266385572402
1,0.24,80,late,181,28.669337048594773,0.5396564815161742,30.13040285287581,0.5212042090884176
1,0.24,80,middle,220,26.87347617667539,0.5339281688010734,27.52323641320448,0.5133982277474599
2,0.06,10,early,233,10.695575866125397,0.892356724289951,10.29940402507418,0.912178857908898
2,0.06,10,late,254,10.280184327019137,0.9132239697152049,10.222427577772237,0.9249044152890813
2,0.06,10,middle,262,10.303160287041537,0.915953188249962,10.189104550746883,0.9253690716710568
2,0.06,20,early,285,16.697895971800097,0.8222174078154783,16.400259427554513,0.8434110204097144
2,0.06,20,late,294,16.97424340497616,0.8416569791283686,16.948369057431417,0.8601807773216974
2,0.06,20,middle,277,17.21472744747066,0.8282363556793413,17.000654822722876,0.8534660005766719
2,0.06,40,early,263,22.802017573686676,0.6951174200474279,22.942791057662625,0.7122428402430014
2,0.06,40,late,262,24.53846710765609,0.6863675809450511,25.777293102709628,0.6967674565168518
2,0.06,40,middle,283,23.85127636247322,0.6764392296385674,24.575156322933584,0.6770825893283184
2,0.06,80,early,512,24.787428208292397,0.5311665652099795,25.954527396288427,0.5124838642515044
2,0.06,80,late,489,26.15314573314092,0.5195631019582556,27.493994723943736,0.5056939104680389
2,0.06,80,middle,483,25.67141276280339,0.518869194878315,26.5585548856641,0.5041920334996604
2,0.12,10,early,179,10.716062182822533,0.8922302992641215,10.318995291072117,0.9125872329403517
2,0.12,10,late,163,10.213443562609717,0.9139536410283426,10.171566433135599,0.92494007840187
2,0.12,10,middle,169,10.277214583069489,0.9186258806009513,10.20469921467343,0.9250536707270931
2,0.12,20,early,213,17.37073050171766,0.8132277868744676,17.149846734980972,0.8274905378001831
2,0.12,20,late,194,17.415454361519423,0.825809544105605,17.347792857954815,0.8513146454609788
2,0.12,20,middle,193,17.51836870910971,0.8290296035994082,17.28294494066925,0.8473464460360299
2,0.12,40,early,202,23.770731658704403,0.6854473329261953,25.16918331200258,0.6955958609993611
2,0.12,40,late,200,22.901094343860834,0.68648406591098,23.69005396415384,0.695787907057166
2,0.12,40,middle,198,24.13325720560213,0.6781588488512297,25.402037590411425,0.6925235806208159
2,0.12,80,early,330,24.715399141113654,0.5330733864516563,26.284752866926254,0.5182902732985415
2,0.12,80,late,361,25.901018687914238,0.5254701279984865,27.100478031513926,0.5138506360787802
2,0.12,80,middle,359,25.893739690335305,0.5135739334609296,28.016386150678823,0.5006704524225766
2,0.24,10,early,85,10.802987244119182,0.8936661240403061,10.200196639871672,0.9115810994439981
2,0.24,10,late,80,10.344337841280732,0.9102416714627445,10.288853023992285,0.9236401737083051
2,0.24,10,middle,66,10.307975712408926,0.9125390370393767,10.170253911284476,0.9243875509669663
2,0.24,20,early,78,16.437238088002694,0.8193413790164038,16.627060013011786,0.8428047624097916
2,0.24,20,late,88,17.823445502470552,0.821133918271283,17.89355466563063,0.8468673126910695
2,0.24,20,middle,98,17.014313428244265,0.8318885680266097,16.84912393101772,0.8454935640645156
2,0.24,40,early,87,23.832707587495648,0.6751750682253369,24.66805599904721,0.6775321686978756
2,0.24,40,late,90,23.63822117871426,0.6778023855994678,24.49053763866507,0.6940057017677677
2,0.24,40,middle,71,23.155609280697604,0.6784660554824633,24.468656402597826,0.7016546315920704
2,0.24,80,early,166,23.80320343441603,0.5347318391924837,24.940681334300805,0.5192392948481006
2,0.24,80,late,158,26.15384781464525,0.5252455482375102,27.59769822997344,0.5086326282592335
2,0.24,80,middle,152,25.364534045334228,0.5239323474289965,26.260177811236566,0.5104733680016569
3,0.06,10,early,314,10.458266885571716,0.9125373600125984,10.082538456815442,0.944497268512365
3,0.06,10,late,322,10.254758717147466,0.945930565380601,10.238368926035047,0.9538672318471131
3,0.06,10,middle,327,10.17326377662424,0.944152168986589,10.161379721895912,0.953645034293762
3,0.06,20,early,321,17.95845730797706,0.8642059215968972,18.227326829739276,0.8831342471940375
3,0.06,20,late,320,17.726518697322287,0.8964759928139975,17.82751285220737,0.9142326137312682
3,0.06,20,middle,304,17.103564526276024,0.897404236423767,17.16124416728171,0.9117485318446086
3,0.06,40,early,260,24.96170148951058,0.767657483442925,25.49401451483034,0.7852441164781438
3,0.06,40,late,265,27.056426109092584,0.7802272113480604,28.324273812949727,0.8032700750824279
3,0.06,40,middle,279,25.071896111982696,0.7784007374690679,25.662963557699666,0.8039980770823452
3,0.06,80,early,652,26.543876899075055,0.5432376200835779,27.773534578161307,0.5180227134355306
3,0.06,80,late,606,26.68633856182332,0.5417711901712605,28.224450017453464,0.5181350277789323
3,0.06,80,middle,661,26.378155344339735,0.5466391420089936,27.769378203049776,0.524323457895199
3,0.12,10,early,229,10.432428353201603,0.909922886295511,10.055033359918212,0.9442863246744174
3,0.12,10,late,221,10.267808746823384,0.9468972451662063,10.19332559290213,0.953942943400362
3,0.12,10,middle,210,10.136817994850215,0.9464510641705501,10.1933861586115,0.954026268031481
3,0.12,20,early,220,17.792455276724322,0.8731831705737457,17.79054774005484,0.8922843686099855
3,0.12,20,late,225,17.806844496415106,0.8896125603115259,17.91472394206119,0.9103936379566842
3,0.12,20,middle,230,17.33772322675461,0.8959179594226022,17.564974125013073,0.9140241616137468
3,0.12,40,early,198,25.15518698832507,0.7619804708841393,25.203111162886636,0.7873741056937827
3,0.12,40,late,202,26.344419622735394,0.7660064018023123,27.38099213163278,0.7946586469205544
3,0.12,40,middle,198,25.713972925147292,0.7785060689213534,27.411130679718053,0.8022984341741224
3,0.12,80,early,442,26.078599347856148,0.5414607356525539,27.215456831434178,0.5137040915163467
3,0.12,80,late,472,26.554233532515163,0.544135148970986,27.790802599849478,0.5195619178176967
3,0.12,80,middle,435,26.04166713444108,0.5447977965324933,27.103151374507828,0.5211635398093755
3,0.24,10,early,105,10.28977466947822,0.9109475426986001,10.05496675215448,0.9458064784368864
3,0.24,10,late,105,10.219059428943572,0.9484852874061216,10.188325674745593,0.9539519801932683
3,0.24,10,middle,108,10.30191342073369,0.9405065106431645,10.248757938080697,0.9530744689008483
3,0.24,20,early,95,18.467295270056773,0.8678887015589771,18.517932662079424,0.8888569980928769
3,0.24,20,late,91,17.9587641514741,0.8952540802760536,18.18493743524582,0.9171095171666485
3,0.24,20,middle,96,16.896946717645324,0.8994005659538251,17.093273775395666,0.9119761792523065
3,0.24,40,early,90,25.835701855454182,0.7723525472506204,27.324936768800704,0.7964876060983481
3,0.24,40,late,81,25.452825412906485,0.7689294114573618,26.422111357953614,0.7927887294962734
3,0.24,40,middle,73,25.148137031896248,0.7833919839393065,25.259708428862083,0.8124102051861651
3,0.24,80,early,215,27.35690788511786,0.5230669344481652,28.77317707035708,0.5044333806829568
3,0.24,80,late,231,26.543954202013488,0.52975155522669,28.18559767455662,0.496158726063724
3,0.24,80,middle,209,27.802095759933394,0.5405216757626826,29.13378063712039,0.5197528763217014
4,0.06,10,early,141,10.87131648238422,0.8757215176463609,10.502238696625193,0.8975727755495349
4,0.06,10,late,137,10.415890225284093,0.9033377136804666,10.294464301855562,0.912756952624333
4,0.06,10,middle,150,10.188256180997032,0.90190311613051,10.06628496217132,0.9135823207465723
4,0.06,20,early,173,17.103354647229764,0.7903442791494835,16.67528949871404,0.8051811339160584
4,0.06,20,late,180,16.94470362817663,0.8205827448958964,16.428805244369087,0.843052123280223
4,0.06,20,middle,182,16.79798106234244,0.8099860753414844,16.679036087280487,0.825213979328641
4,0.06,40,early,164,22.621696072471728,0.656651182380548,24.090215450288042,0.6601642744958954
4,0.06,40,late,177,22.755220040379978,0.6596170656320317,23.2459564574865,0.6607407104808869
4,0.06,40,middle,164,24.371190876290704,0.6684595072684545,25.621192275610888,0.6696690652986483
4,0.06,80,early,308,24.9092945472808,0.5254514098304225,26.307015369870683,0.5087641651985533
4,0.06,80,late,312,25.110877158427105,0.5255184996042932,25.95874088414042,0.513711786996969
4,0.06,80,middle,291,25.8030994919696,0.5174732856494229,27.149793337414298,0.49902393767604264
4,0.12,10,early,93,10.786246646370174,0.8807075547230215,10.501193115655616,0.9032407256274646
4,0.12,10,late,102,10.542334767557117,0.8987385650427335,10.386856078273166,0.9129320151270461
4,0.12,10,middle,97,10.09120386928152,0.9083693665755294,9.948281744530236,0.9162210725287159
4,0.12,20,early,139,16.817900478193746,0.7884941280950887,16.620242323658243,0.8152080862578588
4,0.12,20,late,123,17.64976701880004,0.8201369482352951,17.755219832900853,0.8423484170489881
4,0.12,20,middle,113,16.931885087630242,0.8093361534700311,16.454598888441627,0.8345087378646626
4,0.12,40,early,126,23.369820741122332,0.6631512527345004,24.38016263810093,0.659287417203554
4,0.12,40,late,116,22.987052082108047,0.6660749914287236,23.909945262702145,0.6824394363820934
4,0.12,40,middle,133,23.561389741887787,0.6699897021204989,24.935408887687636,0.6791759977579714
4,0.12,80,early,217,24.755253397929145,0.525488233044533,25.850740337489484,0.5070049908317225
4,0.12,80,late,204,25.824040348497302,0.5209212432825641,28.05005225326424,0.5098221996557226
4,0.12,80,middle,219,24.23153465297576,0.5252087885209956,25.84882497553428,0.5117571781869756
4,0.24,10,early,50,11.37285127662313,0.8554800924107281,10.59064630063466,0.8751843589600126
4,0.24,10,late,45,10.511945543221987,0.8942186024378793,10.232093033505572,0.9106810942549928
4,0.24,10,middle,37,10.581890743180107,0.8888163730125637,10.278555457181238,0.9093095080145848
4,0.24,20,early,48,16.149845761885388,0.7881827028532533,15.5575504076231,0.8015526298125228
4,0.24,20,late,57,17.245901647788877,0.8168750467491555,16.487113073643677,0.8340379069710948
4,0.24,20,middle,60,17.140776878961734,0.7988145967922538,16.917870888822073,0.8257169941027571
4,0.24,40,early,55,22.901391218364378,0.6563213522292835,23.41097975522054,0.6739199167568763
4,0.24,40,late,52,22.49536260932744,0.6706732556265826,23.342720214890903,0.6795076398352838
4,0.24,40,middle,48,21.746594095131513,0.6733951365310401,22.35514822011129,0.6664069084863697
4,0.24,80,early,91,24.904396644401615,0.5401448665125801,28.027124179539868,0.5200538349303783
4,0.24,80,late,100,26.168335638747713,0.5130871794925782,27.624863163927095,0.4946603248732026
4,0.24,80,middle,97,25.149962541221583,0.5216740934686495,26.883590767509514,0.5105762385330999
5,0.06,10,early,183,14.60619372050522,0.6144577621412869,14.268056208559393,0.6151996191330658
5,0.06,10,late,192,14.1028702199659,0.6193113974895351,14.268056208559393,0.6151996191330658
5,0.06,10,middle,160,14.01708525746887,0.6201704617343414,14.268056208559393,0.6151996191330658
5,0.06,20,early,178,17.567530395627468,0.5904506539731866,14.268056208559397,0.6151996191330655
5,0.06,20,late,177,17.903902379621105,0.5887107938076767,14.268056208559397,0.6151996191330655
5,0.06,20,middle,162,18.49277580753902,0.5838799645297104,17.54878350404912,0.5921762132029822
5,0.06,40,early,199,21.132909644705414,0.5502985754694945,20.829510799538838,0.5691528072728989
5,0.06,40,late,197,21.034455274838468,0.5528983290931591,20.829510799538838,0.5691528072728989
5,0.06,40,middle,204,21.283410391989218,0.5508887372432782,25.457104738487207,0.5324515778305405
5,0.06,80,early,386,23.61886592867432,0.5018363140032402,25.457104738487207,0.48708299441194924
5,0.06,80,late,414,23.09571957102945,0.5033106883969436,25.32714649677449,0.48708299441194924
5,0.06,80,middle,384,23.254406127541202,0.5047315618353573,25.457104738487207,0.48708299441194924
5,0.12,10,early,116,13.836937788926521,0.621042301734708,14.268056208559393,0.6151996191330658
5,0.12,10,late,118,14.290071136179835,0.6176450072295897,14.268056208559393,0.6151996191330658
5,0.12,10,middle,134,13.761102670607253,0.6217435441255176,14.268056208559393,0.6151996191330658
5,0.12,20,early,120,17.20983368969694,0.5941851333456419,14.268056208559397,0.6151996191330655
5,0.12,20,late,126,17.108315053742196,0.5945640532047174,14.268056208559397,0.6151996191330655
5,0.12,20,middle,129,18.16082930649605,0.5864626445609818,14.268056208559397,0.6151996191330655
5,0.12,40,early,154,20.713871157384265,0.555341888038664,20.829510799538838,0.5691528072728989
5,0.12,40,late,155,21.760562015365473,0.5469344070899075,25.457104738487207,0.5324515778305405
5,0.12,40,middle,138,21.877285616038623,0.5429346230116607,25.457104738487207,0.5324515778305405
5,0.12,80,early,289,23.195509909256995,0.5067938929992659,25.457104738487207,0.48708299441194924
5,0.12,80,late,251,23.38984736853827,0.5042642407982819,25.457104738487207,0.48708299441194924
5,0.12,80,middle,285,23.232900904533974,0.5051336512024283,25.457104738487207,0.48708299441194924
5,0.24,10,early,65,13.714826420480358,0.6216471641471492,14.268056208559393,0.6151996191330658
5,0.24,10,late,54,13.890657463639466,0.6200712077385576,14.268056208559393,0.6151996191330658
5,0.24,10,middle,67,14.485036079012445,0.6156677293189649,14.268056208559393,0.6151996191330658
5,0.24,20,early,50,18.619461279756162,0.5815009208189362,14.268056208559397,0.6151996191330655
5,0.24,20,late,45,17.565461529675428,0.590913192839772,14.268056208559397,0.6151996191330655
5,0.24,20,middle,55,17.360086252295822,0.5931691269476137,14.268056208559397,0.6151996191330655
5,0.24,40,early,55,20.54544638615635,0.5576251280466714,20.829510799538838,0.5691528072728989
5,0.24,40,late,56,21.335829810421902,0.5471541825000643,25.457104738487207,0.5324515778305405
5,0.24,40,middle,69,22.63146612015687,0.5404090785113407,25.457104738487207,0.5324515778305405
5,0.24,80,early,135,23.322447654822213,0.5021289599465231,25.32714649677449,0.48708299441194924
5,0.24,80,late,145,23.76453178940769,0.4977514168223414,25.457104738487207,0.47250465078458387
5,0.24,80,middle,142,23.140596763212166,0.505180199377399,25.32714649677449,0.48708299441194924
6,0.06,10,early,234,10.079240699733244,0.9170200123489912,9.866929637417044,0.9366731543418165
6,0.06,10,late,270,10.19871544892893,0.934454498181257,10.173502552007148,0.9438320958307013
6,0.06,10,middle,245,10.322120634982987,0.9339053614224326,10.25905901319701,0.9439902815083449
6,0.06,20,early,236,18.194949458300773,0.8307783850615923,17.928132333352835,0.8551226011245565
6,0.06,20,late,237,17.32859539250901,0.8742145751023076,17.286216217559375,0.8953214352058186
6,0.06,20,middle,234,17.249393095485896,0.8724028132422091,17.14721538958547,0.8905691582747388
6,0.06,40,early,240,23.38871687753652,0.7185461220765421,23.15059551650775,0.7456811004296865
6,0.06,40,late,226,23.607130114766488,0.74297219293215,24.300372874477013,0.7590876550015908
6,0.06,40,middle,227,25.635462057569132,0.7424816755392905,26.323702888687574,0.7551025606138644
6,0.06,80,early,487,26.085270452986908,0.5043403476566697,27.658023751824878,0.4892291759068258
6,0.06,80,late,519,25.054666261493683,0.5172244209054807,26.235954203157444,0.5011061773966747
6,0.06,80,middle,520,26.23755672999795,0.5009814693731068,27.642987242530218,0.4816399833082128
6,0.12,10,early,191,10.390738266026627,0.9025656629270343,9.999451849551878,0.9320154668875644
6,0.12,10,late,157,10.160156742032243,0.9330702411111798,10.072139886602063,0.9433718753116304
6,0.12,10,middle,170,10.281359747042877,0.9366199599309224,10.299882932230174,0.9439037539219021
6,0.12,20,early,177,17.393949340200898,0.8446685553033217,17.179997497772995,0.8652144475661828
6,0.12,20,late,173,17.515223708733497,0.873165427485247,17.388321594271734,0.890510833643441
6,0.12,20,middle,175,17.134949878512103,0.8679831658327004,16.980077496592898,0.8940607215529653
6,0.12,40,early,164,22.9335995460989,0.738048816628287,22.89569919867541,0.7567184236575406
6,0.12,40,late,178,24.070428559285034,0.7405996246493852,24.294263251063114,0.7589829699089988
6,0.12,40,middle,176,24.425418352226203,0.7404238992211987,24.549569992160734,0.7626556439269665
6,0.12,80,early,373,26.12459130430258,0.5058975360730549,27.26960999746582,0.481772489627806
6,0.12,80,late,353,24.94870131029189,0.5219001486385186,26.25462294154235,0.4977359435281273
6,0.12,80,middle,324,26.928661686316424,0.4960120156775472,28.26946711958871,0.47581447285691275
6,0.24,10,early,93,10.427466766665592,0.9120362538191842,9.93095608436041,0.9348841634344246
6,0.24,10,late,91,10.252535733269811,0.9313346906456886,10.156221181414777,0.9441417812585858
6,0.24,10,middle,96,10.263783749909692,0.9339861286154362,10.19588060890052,0.944242692415627
6,0.24,20,early,63,19.16386541876409,0.8179224241741843,19.094295909323392,0.8623337228937134
6,0.24,20,late,66,17.417422396991252,0.8733181484212201,17.651648542898766,0.896546811022268
6,0.24,20,middle,67,16.722415136064146,0.8708250069951831,17.01427100358303,0.8851251668678073
6,0.24,40,early,65,22.40663607796946,0.7409294845515886,22.296049966311823,0.7603781978242614
6,0.24,40,late,65,23.69247879372428,0.7346862169056045,23.229875228944348,0.7387753897553209
6,0.24,40,middle,73,25.851241231770132,0.7500638113835058,27.170030201332214,0.7842584252241636
6,0.24,80,early,190,25.422772753692467,0.5138398707746918,27.54294869126172,0.497632666422648
6,0.24,80,late,178,25.072000875920534,0.5185663714441402,26.418853041133993,0.4986711445051899
6,0.24,80,middle,220,26.525635714310035,0.49662666866054456,27.935001897327687,0.4828956676347709
7,0.06,10,early,170,10.93129699574878,0.8658583640684787,10.537099692102876,0.8853019189105964
7,0.06,10,late,182,10.52515984808254,0.8803433860209295,10.117617523159925,0.898136047887544
7,0.06,10,middle,183,10.208996767907669,0.8914810317160985,10.043146459610687,0.9008813447846803
7,0.06,20,early,195,17.09466717592244,0.7753691898189591,16.140735872887742,0.8007919238551571
7,0.06,20,late,221,16.870021519593106,0.788945153465725,16.33063343060171,0.8041031955387398
7,0.06,20,middle,208,17.241861761242117,0.7821192508943331,17.149027219684633,0.8090533896460547
7,0.06,40,early,152,22.0636086946206,0.6502193290283627,22.818784097127516,0.6452448769289266
7,0.06,40,late,170,22.243679667491143,0.6521473990629814,23.244197323658987,0.6538682749190764
7,0.06,40,middle,177,22.269016052615335,0.6436234304899949,22.908495136498153,0.6441097246462213
7,0.06,80,early,397,24.879019298043012,0.5153632052524052,26.078881286559923,0.49835463849591277
7,0.06,80,late,394,25.35701002680137,0.5045788023516041,27.317364734336163,0.49133317917578645
7,0.06,80,middle,393,24.736396798261005,0.5102403881894916,26.20700913233953,0.49449163737926216
7,0.12,10,early,119,11.079852485966256,0.8624661420592695,10.53424948870052,0.8861043145665266
7,0.12,10,late,127,10.137998963481275,0.8915868762577097,9.982218887663523,0.8992364394255138
7,0.12,10,middle,122,10.371179745098255,0.8892189587416978,10.164576082622549,0.9019913855083357
7,0.12,20,early,164,17.230642450483824,0.7684228408946066,16.44529118446544,0.7954631622397765
7,0.12,20,late,135,17.359203099143432,0.784383971257801,16.780605506731995,0.8061416155838727
7,0.12,20,middle,151,16.211411314547743,0.7993028594530952,15.687787407186251,0.8126904967464015
7,0.12,40,early,131,22.638204528414068,0.6438136053829853,23.10441740854303,0.6552873044248106
7,0.12,40,late,125,22.34036054065199,0.6568015042739099,23.84362015833759,0.6550765344476478
7,0.12,40,middle,116,21.7299986892951,0.6431967074527295,23.14155727875949,0.6373499918439307
7,0.12,80,early,271,24.380159387608433,0.5214880095917955,26.287648103914364,0.5012601144596367
7,0.12,80,late,283,25.277494477709514,0.49984810205984886,27.165246911593204,0.4830442129885582
7,0.12,80,middle,271,24.53658464595923,0.5244013576943942,26.526247310053286,0.5117279764020939
7,0.24,10,early,75,10.618970707500285,0.8690440287895383,10.202459429339694,0.8895784306858505
7,0.24,10,late,55,10.140376965330914,0.8903540526309369,9.95902468923321,0.8991566258149069
7,0.24,10,middle,56,10.29531594638849,0.8874174330650895,10.109932821119266,0.8997079055262281
7,0.24,20,early,61,17.594830910679118,0.7755948097818268,17.820280619828548,0.7843956240113887
7,0.24,20,late,64,16.903823239721284,0.7967252523778232,15.703768123896511,0.8151836328695545
7,0.24,20,middle,58,16.525860813453303,0.7928679611458539,15.682685849174785,0.8033793113053926
7,0.24,40,early,56,22.71615496731535,0.6586250275980866,23.590561627113473,0.6581021864169798
7,0.24,40,late,44,22.683120436682877,0.6676906799682727,22.965269620840605,0.6760335749178072
7,0.24,40,middle,49,23.26939235473152,0.6478538381567851,23.101135195035194,0.654353876296485
7,0.24,80,early,142,25.1339095392773,0.5064745840120851,26.390533167716946,0.4956219026049723
7,0.24,80,late,133,26.21289102153828,0.49872760255844245,28.130297723992296,0.48329447950448184
7,0.24,80,middle,147,24.451857769910216,0.5109238925045644,25.73536939056071,0.5019412746378848
8,0.06,10,early,181,11.739151102326318,0.7288542562854237,11.061585736343948,0.7383802025910801
8,0.06,10,late,176,11.705429185312248,0.7312000909151412,11.105678558284787,0.7372756123339583
8,0.06,10,middle,178,11.877159348005478,0.7272216885033206,11.34572165303304,0.7326668053990801
8,0.06,20,early,207,17.431906787637192,0.6361490030677308,15.817399949969765,0.642752795528393
8,0.06,20,late,204,16.594437737844046,0.6512594148208537,15.066347336439337,0.6518498818476226
8,0.06,20,middle,213,16.41966021142688,0.6517201047869827,15.118995691031259,0.6524579138435479
8,0.06,40,early,173,20.962732645133904,0.5794331606253716,22.27345940512505,0.5773701390441063
8,0.06,40,late,166,21.603438222015914,0.568622164715146,22.987046532438427,0.570743544587589
8,0.06,40,middle,160,21.165278693804037,0.58214126337947,22.438410366104023,0.5807508707632834
8,0.06,80,early,386,23.786867580368497,0.5046493951683635,25.813333983870113,0.487505074184715
8,0.06,80,late,425,23.220915249230334,0.5122118659359193,25.616029132209736,0.48953634848000394
8,0.06,80,middle,373,24.209345644134363,0.5017458417570113,26.332716824729967,0.48507077650567065
8,0.12,10,early,124,11.899237621947677,0.7264269994518936,11.240824433175991,0.7349433960817998
8,0.12,10,late,122,11.586492609519883,0.7324301789255893,11.28146621635262,0.7348332266599928
8,0.12,10,middle,122,12.01240106334261,0.7256635420857178,11.30233615222031,0.7317817045248631
8,0.12,20,early,157,17.171619599171795,0.6407852674846902,15.48578945228566,0.6463815485306751
8,0.12,20,late,141,16.965529583048575,0.6455801501405029,15.7146876286406,0.6459850883195228
8,0.12,20,middle,152,15.887253781636126,0.6571060447578062,14.463582267329302,0.660260101652612
8,0.12,40,early,125,21.13049491878366,0.5770981336618016,22.424354218504778,0.573778183820836
8,0.12,40,late,125,21.543239604754756,0.5721685915197322,22.414563293218432,0.5722030977075001
8,0.12,40,middle,122,19.837887312736708,0.5905432272044706,21.350083526595554,0.6001600813422914
8,0.12,80,early,281,24.28145360504217,0.502023751929743,26.316198483060578,0.48745628093925064
8,0.12,80,late,267,23.7735239459751,0.5044813246593944,25.996233685552866,0.4794593517679274
8,0.12,80,middle,277,23.399695931337565,0.5121754141301372,25.8250206658934,0.5002527039131544
8,0.24,10,early,59,11.894926725745504,0.722254785053016,11.182758596631565,0.7380221054895104
8,0.24,10,late,66,11.759244281471151,0.7303056377360653,10.992571906924386,0.741239619925169
8,0.24,10,middle,61,11.7350478915439,0.7291147526080057,11.366240971716552,0.7330611606185642
8,0.24,20,early,56,16.732402404940242,0.6456876960327568,15.171810573024805,0.6463830065358198
8,0.24,20,late,75,17.11490408334239,0.6437933931474288,15.547300980443929,0.6491311400296786
8,0.24,20,middle,52,16.240633737817426,0.6568698173323041,14.763791204672266,0.659044790897303
8,0.24,40,early,41,22.31867319255637,0.5691450650134899,23.468095449066666,0.5531417315953933
8,0.24,40,late,48,22.441293896945727,0.5603196482749417,22.914517334956138,0.5597104859766722
8,0.24,40,middle,60,21.742685529650085,0.5677680633811893,22.662365746943284,0.5631504869976189
8,0.24,80,early,143,24.151256980806036,0.5046075239446828,26.232488209519488,0.48747530812436346
8,0.24,80,late,118,23.709117641602024,0.5034807800012168,25.90865334414992,0.47835505907257236
8,0.24,80,middle,161,23.94476043754283,0.5035490293419657,26.107615556404934,0.48460898242174666
9,0.06,10,early,293,10.791317353271243,0.8071173582423845,9.914270381329747,0.8244207660575251
9,0.06,10,late,288,10.936354038405064,0.8183256806564372,10.532664543085644,0.82986037115732
9,0.06,10,middle,275,10.749613293561426,0.8201308535779048,10.243091279048013,0.8306478434324662
9,0.06,20,early,277,17.238691323840875,0.6927646101020302,16.314491593125517,0.6993266721790798
9,0.06,20,late,284,16.606035437093123,0.7121519877717247,15.95730877426574,0.7239278388269963
9,0.06,20,middle,247,15.758913609347461,0.7208486140057698,14.325261363325893,0.7280517016320672
9,0.06,40,early,263,21.499830314607514,0.6049924760420468,22.854620517762083,0.6014211139185155
9,0.06,40,late,262,21.81604069205433,0.6026663075129234,22.871601173403217,0.5978361201453681
9,0.06,40,middle,267,20.47450573913815,0.6110383888554618,21.1034900013788,0.605215348963358
9,0.06,80,early,560,24.163852179501944,0.5008403956020478,26.289596749845714,0.47881196716434005
9,0.06,80,late,596,24.725643559434836,0.5024230858886102,26.955172337668092,0.48745098349210636
9,0.06,80,middle,588,24.22780687251818,0.5029213074734146,26.70359965145662,0.48308514091805965
9,0.12,10,early,201,10.907801154085053,0.8074997171344308,10.024168294929613,0.8276553595949788
9,0.12,10,late,197,10.956215796806614,0.8180773598586738,10.452616611878572,0.831368160935958
9,0.12,10,middle,194,10.700832425934967,0.8213362398464633,10.437962795861058,0.8296614819195473
9,0.12,20,early,201,17.389410203120477,0.6920268002041682,16.621364833573292,0.7029470673361775
9,0.12,20,late,180,16.72164619675183,0.7108021245000133,16.14223574506978,0.72328706816762
9,0.12,20,middle,219,15.57184025716048,0.7224356914072733,14.318295869705493,0.7367668621558541
9,0.12,40,early,188,22.076133189154017,0.6063378331017727,23.268969354100463,0.6071768464852064
9,0.12,40,late,193,21.63068996087959,0.6048073335339729,22.961731514506234,0.5986031464083634
9,0.12,40,middle,211,20.838083581464563,0.6141597534356872,21.605823528696916,0.6136393834840812
9,0.12,80,early,418,24.186389453208534,0.5005512781432238,26.032134135298428,0.47958073136084356
9,0.12,80,late,397,23.987832274677007,0.5079697130873975,26.30382271582392,0.4891197308666789
9,0.12,80,middle,385,24.350606144669694,0.5019613927758333,26.66144980473402,0.4832864827659812
9,0.24,10,early,98,10.696207665579763,0.8139470571830292,10.116431040710081,0.8225932838570209
9,0.24,10,late,107,10.994358298680995,0.8168228685650593,10.577452794261987,0.8307314290437446
9,0.24,10,middle,115,10.656855735767097,0.82192405724372,10.351394514290918,0.8286544476222207
9,0.24,20,early,66,16.581624967937977,0.7065359103806577,16.070070948600495,0.7150636199375562
9,0.24,20,late,80,17.077317039261597,0.7023353839552413,15.996198172292434,0.7084927775111772
9,0.24,20,middle,78,15.971600207701439,0.7149324819294607,15.37621802055453,0.7301716968570617
9,0.24,40,early,85,21.600821479925617,0.601574109453439,22.23455981546506,0.5871928975455193
9,0.24,40,late,81,21.491909633161573,0.6029063967951963,21.456707882973937,0.6031213468978915
9,0.24,40,middle,66,21.13719286725178,0.6152292889404879,22.2065826671006,0.6177901502742897
9,0.24,80,early,222,23.48229443646718,0.5073492707949925,25.82547733158249,0.48413106309569304
9,0.24,80,late,207,24.669495349115003,0.5063055075627795,26.89829154166636,0.48918278352349936
9,0.24,80,middle,243,24.662620915767317,0.5037947142904066,26.98532481790354,0.48301261704367177
10,0.06,10,early,220,10.25915205369601,0.9080249454963966,9.950758692376795,0.9252366349706496
10,0.06,10,late,207,10.362583467882205,0.9241199919543888,10.230533249564548,0.9344443905479833
10,0.06,10,middle,215,10.090501406205377,0.9242582556636291,10.095775370866516,0.9341988739025698
10,0.06,20,early,167,17.14443964358568,0.8232687677215358,17.03900672962371,0.8471715573131826
10,0.06,20,late,169,16.92023838634163,0.8570103474946787,16.673067774974374,0.8788091399072446
10,0.06,20,middle,170,17.487619599390435,0.8419471610660961,17.02652827100409,0.869960192836819
10,0.06,40,early,205,23.061760324028,0.6960846262485564,24.13180861535945,0.7039646239928838
10,0.06,40,late,185,23.924843125840304,0.7074079852762623,24.171742208856703,0.7229414775638238
10,0.06,40,middle,204,23.84817183178502,0.7213070406835254,24.740280457634086,0.7453124876173713
10,0.06,80,early,415,25.911353337682414,0.5075004991887277,27.422563919141666,0.48537803261257906
10,0.06,80,late,388,25.557653165163746,0.5076044500796584,26.826026533126697,0.49060306154484373
10,0.06,80,middle,396,25.30603923330013,0.5061934638069165,26.642527566720773,0.4912648096397966
10,0.12,10,early,144,10.568022438068102,0.9048057331881476,9.906222920082168,0.9288920257746892
10,0.12,10,late,169,10.258645835074306,0.926304459878951,10.250702621164757,0.9340541757470344
10,0.12,10,middle,131,10.164920869694749,0.9227739290670952,10.216583745947412,0.9336702592371787
10,0.12,20,early,120,16.919430698229416,0.832171421123171,17.009602757832184,0.852638344118998
10,0.12,20,late,138,16.66273592734939,0.8585432953003498,16.752936634431187,0.8764097116558758
10,0.12,20,middle,117,17.848064119852182,0.8363275867526697,17.880954297285747,0.8574754072381434
10,0.12,40,early,142,23.286720590734568,0.6948344604096574,24.096540367510407,0.6991293170947319
10,0.12,40,late,154,22.56000195412871,0.7006238498114137,22.06294077484778,0.7108541636963729
10,0.12,40,middle,148,23.97175401333549,0.7204611668143416,23.912752890420663,0.7382644796137652
10,0.12,80,early,257,25.23064711115824,0.5134497161263194,27.075952805544414,0.4927666702813073
10,0.12,80,late,275,25.885298325954558,0.5119956776450514,27.3051233734517,0.49121669852396793
10,0.12,80,middle,293,25.695825339144502,0.5039998264094154,27.163339194303052,0.48797875124965145
10,0.24,10,early,80,10.971222608142005,0.9030972999360326,9.925043922071072,0.9285879146678234
10,0.24,10,late,68,10.326181887453044,0.9214800349782457,10.109576469466116,0.9337258620377964
10,0.24,10,middle,92,10.205893845763516,0.9206180022733005,10.160231114729065,0.9339604677140998
10,0.24,20,early,53,17.08620862733362,0.8278554533259382,17.64875609204477,0.8468677048528354
10,0.24,20,late,33,17.72691652349851,0.8474152121302274,17.175924099393445,0.8691762812745988
10,0.24,20,middle,54,17.92666901975726,0.8392310264203826,17.46857670718755,0.8606326903873616
10,0.24,40,early,55,22.179852000217195,0.7190243725051727,22.04976596899704,0.7523692681354209
10,0.24,40,late,63,22.21818362011916,0.7091729708762073,21.3646105660763,0.7184727631902268
10,0.24,40,middle,56,23.36066781261969,0.7373997727081166,23.39225022292649,0.7472322914353774
10,0.24,80,early,153,25.602919545118475,0.508636368381931,26.97956086319515,0.4880387105002285
10,0.24,80,late,162,25.933976309608333,0.5060346137467918,27.022397052768383,0.4918289453553573
10,0.24,80,middle,147,25.042172639103782,0.5106701881266039,25.79419576330627,0.4841596448932222
11,0.06,10,early,231,10.503373526575778,0.8108316673252545,10.03868271716085,0.821251685080649
11,0.06,10,late,219,10.801319721179656,0.8116408659150314,10.446355922922447,0.8192948388045826
11,0.06,10,middle,192,11.298040439539236,0.7991836291451513,10.842774445602915,0.8150661687483998
11,0.06,20,early,210,15.931337309760686,0.6985434127734446,15.003877102672456,0.7077253092088078
11,0.06,20,late,206,16.35091549344068,0.7034427610352951,15.495159325956969,0.7096572178968401
11,0.06,20,middle,190,16.989300776687944,0.6945709998833803,16.055884548215282,0.6988159550532672
11,0.06,40,early,192,21.260757879434465,0.6002985908058375,22.320265065515517,0.6083102080788123
11,0.06,40,late,192,21.257245799150937,0.602291156100032,22.330208260123925,0.6017128688226181
11,0.06,40,middle,210,21.052362967693444,0.6089134238155751,21.792373934253934,0.610408917159486
11,0.06,80,early,430,24.500262195458227,0.5024232521022687,26.756595563378177,0.48293067147935925
11,0.06,80,late,433,24.283322260353387,0.5007516506579515,26.65364188158096,0.4821779222483106
11,0.06,80,middle,445,23.81573808117084,0.5065680114352089,25.88420056593145,0.4874682929903753
11,0.12,10,early,130,10.822572044908084,0.8041929105560297,10.152747890952805,0.8199866651523847
11,0.12,10,late,154,10.918421324784516,0.8100630441777131,10.489590565196837,0.8206533237728406
11,0.12,10,middle,160,11.070191911539542,0.8041536325550032,10.454688158098762,0.8179186542463912
11,0.12,20,early,141,16.618227705541127,0.6911876406944214,15.842045045312018,0.7058077275890583
11,0.12,20,late,153,16.72412235343992,0.6990415107986269,16.154663038412806,0.7060195024933823
11,0.12,20,middle,156,17.451569383364813,0.6938705743321788,16.648196798082118,0.7013578475938439
11,0.12,40,early,159,21.0379032690255,0.5960869957783957,21.538492314226126,0.5931572889661682
11,0.12,40,late,143,22.670212946395676,0.5885637636849935,23.805185349834538,0.5833577124076144
11,0.12,40,middle,142,20.874888523168188,0.6115159522307371,22.34972393959319,0.6112264616359508
11,0.12,80,early,313,24.107446873804832,0.5046025332302743,26.076580028935204,0.4880289767084708
11,0.12,80,late,293,24.57172738686124,0.49712829142654935,26.751238358333968,0.47880316965737596
11,0.12,80,middle,294,24.119631309871608,0.5044341151482064,26.234902802317478,0.48547516635733146
11,0.24,10,early,83,10.917641268574746,0.7984870424065628,10.08376360708068,0.8173210075038662
11,0.24,10,late,71,11.011955939216122,0.8063485012888303,10.441392946337652,0.8181507841191373
11,0.24,10,middle,86,11.366276952445075,0.7984794238383376,10.876025898141167,0.809997440792456
11,0.24,20,early,57,16.237801155787448,0.7020590607116193,15.263526736610046,0.7070299444302353
11,0.24,20,late,49,16.204591042569213,0.7042472911109712,14.43229413200399,0.7155061488946084
11,0.24,20,middle,62,16.620419668225463,0.6942713669536812,15.971671851677169,0.7116788390913855
11,0.24,40,early,51,21.64130644456144,0.5956564216318435,22.25780660607235,0.5816861775062824
11,0.24,40,late,67,21.27787354616451,0.6044146004050022,22.61507808418302,0.6143359139704938
11,0.24,40,middle,56,20.87832753007094,0.6102317696119474,21.79033224916554,0.6083761543603189
11,0.24,80,early,157,23.390680035026122,0.5186729921009955,25.542221492988862,0.5091323706968307
11,0.24,80,late,174,24.965883637522364,0.489717091435875,27.067552758322165,0.4674180170323805
11,0.24,80,middle,173,23.77237681928941,0.5078317299651981,25.224220952795072,0.4949219042503612
12,0.06,10,early,218,10.550706278560282,0.87582513071825,9.975297783010394,0.8971134276985412
12,0.06,10,late,213,10.571308337330626,0.8857322509096871,10.202509928510588,0.9012350695239298
12,0.06,10,middle,211,10.415508565784654,0.8902480350332779,10.162787375355656,0.9029710717809739
12,0.06,20,early,200,17.813589939397506,0.7789800733909209,17.616926961573924,0.7957187005969445
12,0.06,20,late,203,16.627851509764458,0.801167981938708,16.25093633967963,0.8209201038943286
12,0.06,20,middle,203,16.694786848901085,0.7895936602527754,16.233844307866818,0.8126048435271641
12,0.06,40,early,200,22.171183701157073,0.6469977450811102,22.85504359244131,0.6567563002842147
12,0.06,40,late,194,22.111683851782487,0.6530466192270508,23.0273180238541,0.6583739174178619
12,0.06,40,middle,200,22.896767613354026,0.6655942018620634,23.5358652993216,0.680917200651044
12,0.06,80,early,457,25.06223747345412,0.5076780562812417,26.93169621263153,0.49008085168077775
12,0.06,80,late,413,24.74600256824256,0.513058889090058,26.066888418320765,0.5012898053584077
12,0.06,80,middle,438,25.17610550412783,0.49647064994062223,26.817542171420982,0.47804280958117196
12,0.12,10,early,137,10.398174411399756,0.8743598067759285,9.939548336567407,0.89827319354679
12,0.12,10,late,141,10.463617688353793,0.8892376120848631,10.270507765824926,0.901512306591186
12,0.12,10,middle,166,10.25260406338544,0.8948800277202489,10.101422439788607,0.904608854757903
12,0.12,20,early,151,17.792233501284358,0.7799151246650885,17.278404117259942,0.7957654201524827
12,0.12,20,late,152,16.120395618334392,0.8034549819623622,15.680800879126618,0.8270809488921884
12,0.12,20,middle,147,16.936235486542955,0.7929084898259716,16.719423970553404,0.8151200712168329
12,0.12,40,early,142,22.271571049885626,0.6540819427246544,23.082995667193046,0.6567873239757527
12,0.12,40,late,155,20.94307549422629,0.6618551459228209,20.159099267267603,0.6666152354020977
12,0.12,40,middle,147,23.001839508240327,0.6646014605778121,24.141654981072545,0.6660035277114859
12,0.12,80,early,296,24.917808541817045,0.5022402381503283,26.525685796980756,0.48811534495100933
12,0.12,80,late,298,25.407494936378683,0.501472162991843,26.763390460777025,0.48888785211551095
12,0.12,80,middle,306,25.10679390072412,0.49835387365403916,27.091146965672102,0.4805328472874709
12,0.24,10,early,89,10.188612061026195,0.8822148036314821,9.890986705533008,0.8975170337355783
12,0.24,10,late,90,10.325388662009015,0.8938935812775177,10.167792439819122,0.903448235829557
12,0.24,10,middle,61,10.337872182665665,0.8939500418523265,10.162897161505171,0.9036767674626266
12,0.24,20,early,57,17.842114301263024,0.7651166765235485,17.634167780380366,0.7785058550164293
12,0.24,20,late,53,16.458056219000515,0.7973266025212253,15.733968180323497,0.825728171835758
12,0.24,20,middle,58,16.2879539832332,0.8041018157970494,16.067921026840196,0.8186356470938774
12,0.24,40,early,60,21.22876369363642,0.655893471768217,20.460613962591772,0.655863086034091
12,0.24,40,late,53,19.703403897125447,0.6673099493547853,17.770141837525493,0.6837911510364354
12,0.24,40,middle,61,22.665996640767258,0.6326229026999703,23.626910966839283,0.6414295405123435
12,0.24,80,early,147,25.01063564654488,0.5075314808699029,26.68531827597018,0.48855138214217975
12,0.24,80,late,189,24.690088215407386,0.5070046949022412,26.164623575829015,0.49355680066560187
12,0.24,80,middle,168,24.27608284988039,0.5012587452099035,26.0416734771524,0.4869422324304741
